experiment,arch,ctx,Ld,Lt,method,config,tau,L_per_tok,E_per_tok,latency_speedup,energy_ratio,alpha,tree_depth,tree_nodes,tree_layer_counts
eagle,kv_buffer,512,32,96,baseline,ar,1.0,0.2853425859336767,15.832483743577225,1.0,1.0,,,,
eagle,kv_buffer,512,32,96,vanilla,g1,1.2,0.2467180845750979,13.688202034989503,1.1565531826541964,0.8645644143195413,0.2,,,
eagle,kv_buffer,512,32,96,vanilla,g1,1.25,0.23684936119209396,13.140673953589921,1.2047428985981214,0.8299818377467596,0.25,,,
eagle,kv_buffer,512,32,96,vanilla,g1,1.3,0.22773977037701343,12.635263416913386,1.252932614542046,0.7980594593718843,0.3,,,
eagle,kv_buffer,512,32,96,vanilla,g1,1.35,0.21930496406675365,12.167290697768445,1.3011223304859711,0.76850170161737,0.35,,,
eagle,kv_buffer,512,32,96,vanilla,g1,1.4,0.2114726439215125,11.732744601419574,1.3493120464298958,0.7410552122738926,0.4,,,
eagle,kv_buffer,512,32,96,vanilla,g1,1.45,0.20418048378628792,11.328167201370622,1.3975017623738206,0.715501584264448,0.45,,,
eagle,kv_buffer,512,32,96,vanilla,g1,1.5,0.1973744676600783,10.950561627991602,1.4456914783177457,0.6916515314556331,0.5,,,
eagle,kv_buffer,512,32,96,vanilla,g1,1.5500000000000003,0.19100754934846284,10.597317704507999,1.4938811942616708,0.6693401917312576,0.55,,,
eagle,kv_buffer,512,32,96,vanilla,g1,1.5999999999999999,0.18503856343132344,10.266151526242128,1.5420709102055952,0.6484233107396561,0.6,,,
eagle,kv_buffer,512,32,96,vanilla,g1,1.65,0.17943133423643484,9.955056025446911,1.59026062614952,0.628774119505121,0.65,,,
eagle,kv_buffer,512,32,96,vanilla,g1,1.6999999999999997,0.1741539420530103,9.66226025999259,1.6384503420934446,0.6102807630490881,0.7,,,
eagle,kv_buffer,512,32,96,vanilla,g1,1.75,0.16917811513720998,9.386195681135659,1.6866400580373697,0.592844169819114,0.75,,,
eagle,kv_buffer,512,32,96,vanilla,g1,1.7999999999999998,0.16447872305006528,9.125468023326336,1.7348297739812943,0.5763762762130277,0.8,,,
eagle,kv_buffer,512,32,96,vanilla,g1,1.8500000000000003,0.1600333521568202,8.87883375242562,1.7830194899252199,0.5607985390180807,0.85,,,
eagle,kv_buffer,512,32,96,vanilla,g1,1.9,0.1558219481526934,8.645180232624949,1.8312092058691445,0.5460406827281313,0.9,,,
eagle,kv_buffer,512,32,96,vanilla,g1,1.9499999999999988,0.15182651358467572,8.42350894460893,1.879398921813068,0.5320396395812566,0.95,,,
eagle,kv_buffer,512,32,96,vanilla,g2,1.24,0.24746503175722886,15.9598675583187,1.1530622484618631,1.0080457252825636,0.2,,,
eagle,kv_buffer,512,32,96,vanilla,g2,1.3125,0.2337955347649248,15.078274874144906,1.22047919444048,0.9523631995050506,0.25,,,
eagle,kv_buffer,512,32,96,vanilla,g2,1.3900000000000001,0.22076017221508185,14.237579692313084,1.2925455849693466,0.8992638124822868,0.3,,,
eagle,kv_buffer,512,32,96,vanilla,g2,1.4725,0.208391605690298,13.439888470163117,1.3692614200484625,0.8488806107642641,0.35,,,
eagle,kv_buffer,512,32,96,vanilla,g2,1.56,0.19670297396087422,12.686048571996915,1.4506266996778279,0.8012671149681915,0.4,,,
eagle,kv_buffer,512,32,96,vanilla,g2,1.6524999999999999,0.18569236876185405,11.975936927270917,1.5366414238574424,0.7564155518005319,0.45,,,
eagle,kv_buffer,512,32,96,vanilla,g2,1.75,0.1753466510736936,11.308706155608679,1.6273055925873068,0.7142723996287879,0.5,,,
eagle,kv_buffer,512,32,96,vanilla,g2,1.8525,0.16564460965126251,10.682988271155297,1.7226192058674203,0.674751254710056,0.55,,,
eagle,kv_buffer,512,32,96,vanilla,g2,1.96,0.15655950988722642,10.09705906750775,1.8225822636977838,0.637743213954275,0.6,,,
eagle,kv_buffer,512,32,96,vanilla,g2,2.0725000000000002,0.14806110464606212,9.54896780328839,1.9271947660783966,0.6031250660315458,0.65,,,
eagle,kv_buffer,512,32,96,vanilla,g2,2.19,0.1401171869310337,9.036637338956707,2.036456713009258,0.5707656161417255,0.7,,,
eagle,kv_buffer,512,32,96,vanilla,g2,2.3125,0.13269476297468705,8.557939793433595,2.1503681044903695,0.5405304645839476,0.75,,,
eagle,kv_buffer,512,32,96,vanilla,g2,2.44,0.12576091777826384,8.110752365702947,2.2689289405217306,0.5122855325206471,0.8,,,
eagle,kv_buffer,512,32,96,vanilla,g2,2.5725000000000002,0.11928343610455346,7.692997384767808,2.392139221103341,0.48589959158420937,0.85,,,
eagle,kv_buffer,512,32,96,vanilla,g2,2.7099999999999995,0.11323123224316009,7.302670026684573,2.5199989462352006,0.46124601452043507,0.9,,,
eagle,kv_buffer,512,32,96,vanilla,g2,2.8524999999999996,0.10757463256054824,6.93785653718324,2.6525081159173096,0.4382039261526307,0.95,,,
eagle,kv_buffer,512,32,96,vanilla,g4,1.2496,0.26284264177001065,16.9023185009894,1.0856023361055458,1.0675721368004671,0.2,,,
eagle,kv_buffer,512,32,96,vanilla,g4,1.33203125,0.2465769216418949,15.856337603818496,1.1572152983079307,1.0015066404379507,0.25,,,
eagle,kv_buffer,512,32,96,vanilla,g4,1.4251,0.2304737668625397,14.820810608965234,1.2380696936491784,0.9361014259672051,0.3,,,
eagle,kv_buffer,512,32,96,vanilla,g4,1.53038125,0.21461852408071866,13.801225804900808,1.329533818927757,0.871703140734287,0.35,,,
eagle,kv_buffer,512,32,96,vanilla,g4,1.6496,0.1991077625823262,12.803793161273251,1.433106284922942,0.8087040143949225,0.4,,,
eagle,kv_buffer,512,32,96,vanilla,g4,1.78463125,0.1840425943207065,11.835014767805033,1.5504160163948144,0.7475147272837815,0.45,,,
eagle,kv_buffer,512,32,96,vanilla,g4,1.9375,0.16952163362880274,10.901232102625215,1.683222252084263,0.6885358153010911,0.5,,,
eagle,kv_buffer,512,32,96,vanilla,g4,2.11038125,0.15563451634902714,10.008209274431506,1.8334145447129815,0.63213134695253,0.55,,,
eagle,kv_buffer,512,32,96,vanilla,g4,2.3056,0.14245669897458593,9.160798576872118,2.003012760983472,0.5786077993346045,0.6,,,
eagle,kv_buffer,512,32,96,vanilla,g4,2.52563125,0.13004596975738456,8.362716132387241,2.1941670815790406,0.5281998875116326,0.65,,,
eagle,kv_buffer,512,32,96,vanilla,g4,2.7731,0.11844079375276959,7.616435468910733,2.4091580011638034,0.4810638426835902,0.7,,,
eagle,kv_buffer,512,32,96,vanilla,g4,3.05078125,0.10766034606899637,6.923189658005258,2.65039632838268,0.4372775472334714,0.75,,,
eagle,kv_buffer,512,32,96,vanilla,g4,3.3616,0.0977059034851872,6.283060804032709,2.920423185861398,0.3968461869781842,0.8,,,
eagle,kv_buffer,512,32,96,vanilla,g4,3.7086312500000003,0.0885631768205063,5.695130029127688,3.2219100102064906,0.3597117244120358,0.85,,,
eagle,kv_buffer,512,32,96,vanilla,g4,4.0951,0.08020516352611787,5.157660911537289,3.5576585520052983,0.3257644849077834,0.9,,,
eagle,kv_buffer,512,32,96,vanilla,g4,4.52438125,0.07259515655445821,4.6682929735057925,3.930600875825968,0.2948553776598433,0.95,,,
eagle,kv_buffer,512,32,96,vanilla,g6,1.249984,0.2800371000682035,19.3856299077678,1.0189456535015575,1.2244212734866684,0.2,,,
eagle,kv_buffer,512,32,96,vanilla,g6,1.333251953125,0.26254744549309866,18.174904719122782,1.0868229374609444,1.1479503161653843,0.25,,,
eagle,kv_buffer,512,32,96,vanilla,g6,1.4282590000000002,0.24508292578002533,16.965919496835816,1.1642695427497323,1.071589257353155,0.3,,,
eagle,kv_buffer,512,32,96,vanilla,g6,1.5374717031249998,0.22767371508703083,15.760763053641147,1.2532961296151437,0.9954700291440266,0.35,,,
eagle,kv_buffer,512,32,96,vanilla,g6,1.663936,0.2103698065861026,14.562896177876569,1.3563856456600787,0.9198112193725959,0.4,,,
eagle,kv_buffer,512,32,96,vanilla,g6,1.8113878281249998,0.19324514002834386,13.377437365091454,1.4765835036877233,0.8449361187892133,0.45,,,
eagle,kv_buffer,512,32,96,vanilla,g6,1.984375,0.17639906494067564,12.211264108160618,1.617596930174429,0.7712791186736175,0.5,,,
eagle,kv_buffer,512,32,96,vanilla,g6,2.188390328125,0.15995404932700788,11.072854281618412,1.7839034843708532,0.699375692465836,0.55,,,
eagle,kv_buffer,512,32,96,vanilla,g6,2.430016,0.14404921387005404,9.971838545355762,1.9808687480313678,0.6298341250090369,0.6,,,
eagle,kv_buffer,512,32,96,vanilla,g6,2.7170792031250004,0.1288302137416748,8.918299910713511,2.214873185771734,0.5632912722447231,0.65,,,
eagle,kv_buffer,512,32,96,vanilla,g6,3.0588189999999997,0.11443694265389788,7.921922550707063,2.4934481760550384,0.5003587989737085,0.7,,,
eagle,kv_buffer,512,32,96,vanilla,g6,3.466064453125,0.10099116713656489,6.991135780173946,2.8254212128059013,0.44156911154322487,0.75,,,
eagle,kv_buffer,512,32,96,vanilla,g6,3.9514240000000003,0.08858626522784019,6.132403714365056,3.2210702776529456,0.3873304917715638,0.8,,,
eagle,kv_buffer,512,32,96,vanilla,g6,4.529486078124999,0.07728070877227525,5.349774079593166,3.6922873827995275,0.33789859924937,0.85,,,
eagle,kv_buffer,512,32,96,vanilla,g6,5.2170309999999995,0.06709599664860211,4.644735140471894,4.252751284522749,0.2933674346803689,0.9,,,
eagle,kv_buffer,512,32,96,vanilla,g6,6.033254078125,0.05801875570942943,4.016361137928722,4.918109367300715,0.2536785259329915,0.95,,,
eagle,kv_buffer,512,32,96,vanilla,g8,1.24999936,0.2973104319952598,19.126049889154395,0.9597462962154858,1.2080258662456087,0.2,,,
eagle,kv_buffer,512,32,96,vanilla,g8,1.3333282470703125,0.2787294505550216,17.93073099088878,1.0237260015598877,1.132527990004269,0.25,,,
eagle,kv_buffer,512,32,96,vanilla,g8,1.42854331,0.260151615365024,16.735614491639783,1.0968318821826522,1.057042897544672,0.3,,,
eagle,kv_buffer,512,32,96,vanilla,g8,1.5383402836328124,0.2415836428841155,15.541132462781931,1.181133716369,0.9815978790495531,0.35,,,
eagle,kv_buffer,512,32,96,vanilla,g8,1.66622976,0.22304117873599752,14.34829139096103,1.2793269276586015,0.9062565055076537,0.4,,,
eagle,kv_buffer,512,32,96,vanilla,g8,1.8168060351953124,0.20455560060677916,13.159109810090941,1.3949390047852845,0.8311462701124962,0.45,,,
eagle,kv_buffer,512,32,96,vanilla,g8,1.99609375,0.18618256267542457,11.977167966570239,1.5325956514580776,0.7564933058231641,0.5,,,
eagle,kv_buffer,512,32,96,vanilla,g8,2.2119880742578126,0.16801078362056437,10.808173153823514,1.6983587587930933,0.6826580926197429,0.55,,,
eagle,kv_buffer,512,32,96,vanilla,g8,2.4748057599999997,0.1501684923003405,9.660374364399033,1.9001495024867456,0.6101616474621655,0.6,,,
eagle,kv_buffer,512,32,96,vanilla,g8,2.7979659633203124,0.13282429257087178,8.544617923943672,2.148271076101722,0.5396890382034957,0.65,,,
eagle,kv_buffer,512,32,96,vanilla,g8,3.1988213099999996,0.1161796217105351,7.473862339866389,2.4560467811180864,0.4720587408086439,0.7,,,
eagle,kv_buffer,512,32,96,vanilla,g8,3.6996612548828125,0.10045185872758233,6.462091654801607,2.8405904036828593,0.4081540053640092,0.75,,,
eagle,kv_buffer,512,32,96,vanilla,g8,4.32891136,0.08585018698913674,5.522762683865872,3.3237270172723465,0.3488247815890728,0.8,,,
eagle,kv_buffer,512,32,96,vanilla,g8,5.1225536914453125,0.07254933224731937,4.667115575713101,3.933083559762465,0.2947810117036383,0.85,,,
eagle,kv_buffer,512,32,96,vanilla,g8,6.12579511,0.06066769179215957,3.9027668558067496,4.703369742683257,0.2465037652345601,0.9,,,
eagle,kv_buffer,512,32,96,vanilla,g8,7.395011805507812,0.050255207089541364,3.232929270371779,5.677871059714715,0.20419596335813603,0.95,,,
eagle,kv_buffer,512,32,96,vanilla,g10,1.2499999743999999,0.3146123705468115,20.060606461582076,0.906965563489247,1.2670536592036659,0.2,,,
eagle,kv_buffer,512,32,96,vanilla,g10,1.3333330154418945,0.29494916166843826,18.806822656465485,0.9674297235482207,1.1878630643846302,0.25,,,
eagle,kv_buffer,512,32,96,vanilla,g10,1.4285688979,0.2752863062520393,17.553061389119904,1.0365302576018085,1.1086738930801472,0.3,,,
eagle,kv_buffer,512,32,96,vanilla,g10,1.5384466847450193,0.2556250138721038,16.299399785558442,1.1162545543232376,1.0294910166682238,0.35,,,
eagle,kv_buffer,512,32,96,vanilla,g10,1.6665967616,0.23596917034201303,15.046085616626502,1.2092367215602866,0.9503300846735597,0.4,,,
eagle,kv_buffer,512,32,96,vanilla,g10,1.8179032221270506,0.2163291479671259,13.793780250901364,1.319020523193843,0.8712328699846035,0.45,,,
eagle,kv_buffer,512,32,96,vanilla,g10,1.9990234375,0.1967287865425228,12.544003783560475,1.4504363644412561,0.7922953837643579,0.5,,,
eagle,kv_buffer,512,32,96,vanilla,g10,2.2191263924629885,0.17721633903554085,11.299832965167301,1.6101370081708495,0.7137119575285408,0.55,,,
eagle,kv_buffer,512,32,96,vanilla,g10,2.4909300736,0.1578789622789665,10.066825170722474,1.8073502752664823,0.6358336022171057,0.6,,,
eagle,kv_buffer,512,32,96,vanilla,g10,2.832140619502832,0.13885802577079434,8.853994533586397,2.054923252363365,0.5592296620660169,0.65,,,
eagle,kv_buffer,512,32,96,vanilla,g10,3.2674224418999995,0.12035953786886357,7.674476750194739,2.370751757493192,0.48472980452659864,0.7,,,
eagle,kv_buffer,512,32,96,vanilla,g10,3.831059455871582,0.10265187989361761,6.545384599812019,2.7797112554527885,0.41341489470767906,0.75,,,
eagle,kv_buffer,512,32,96,vanilla,g10,4.570503270400001,0.08604423448864963,5.48643247360186,3.316231327170644,0.34653011886574936,0.8,,,
eagle,kv_buffer,512,32,96,vanilla,g10,5.551045042069238,0.0708453006864527,4.517303926267312,4.027685438114612,0.28531871558686106,0.85,,,
eagle,kv_buffer,512,32,96,vanilla,g10,6.861894039100001,0.05731150217251358,3.654349283235941,4.978801376986522,0.23081339241661333,0.9,,,
eagle,kv_buffer,512,32,96,vanilla,g10,8.623998154470799,0.04560129166140457,2.907671953805608,6.257335604710101,0.18365229365766222,0.95,,,
eagle,kv_buffer,512,32,96,vanilla,g12,1.2499999989759998,0.3319163213058925,23.346534418892965,0.8596822982703111,1.4745970876719814,0.2,,,
eagle,kv_buffer,512,32,96,vanilla,g12,1.3333333134651184,0.31117155560617993,21.887376325929335,0.9169944385752516,1.3824347891598754,0.25,,,
eagle,kv_buffer,512,32,96,vanilla,g12,1.428571200811,0.2904268272081553,20.42822085671478,0.9824938993296419,1.2902726563671296,0.3,,,
eagle,kv_buffer,512,32,96,vanilla,g12,1.5384597188812648,0.269682329800735,18.969081635059467,1.0580692704060843,1.198111549791085,0.35,,,
eagle,kv_buffer,512,32,96,vanilla,g12,1.666655481856,0.24893891137624474,17.510018307569336,1.146235372992419,1.105955236787951,0.4,,,
eagle,kv_buffer,512,32,96,vanilla,g12,1.8181254024807276,0.2281995514315912,16.051240447930926,1.2504081806629475,1.013816954300834,0.45,,,
eagle,kv_buffer,512,32,96,vanilla,g12,1.999755859375,0.20747302694347594,14.593365416531498,1.3753237716602822,0.9217356956043994,0.5,,,
eagle,kv_buffer,512,32,96,vanilla,g12,2.221285733720054,0.18678164406955672,13.1379621976122,1.5276800209950838,0.8298105597576809,0.55,,,
eagle,kv_buffer,512,32,96,vanilla,g12,2.4967348264959996,0.166175196856913,11.688533235492203,1.7171189884575497,0.7382627656405395,0.6,,,
eagle,kv_buffer,512,32,96,vanilla,g12,2.8465794117399468,0.14575226659103885,10.252012601282532,1.9577231463186051,0.6475302780867515,0.65,,,
eagle,kv_buffer,512,32,96,vanilla,g12,3.301036996531,0.12568638331787538,8.84060615811862,2.270274459342285,0.558384035082619,0.7,,,
eagle,kv_buffer,512,32,96,vanilla,g12,3.904970943927765,0.10624801240522574,7.473338065444307,2.685627518803752,0.4720256269630481,0.75,,,
eagle,kv_buffer,512,32,96,vanilla,g12,4.725122093056001,0.08780628164131674,6.176172260733048,3.2496830591151054,0.3900949693530265,0.8,,,
eagle,kv_buffer,512,32,96,vanilla,g12,5.860630042895024,0.07079365157940151,4.979527420450089,4.030623926972308,0.31451334491154226,0.85,,,
eagle,kv_buffer,512,32,96,vanilla,g12,7.458134171671001,0.05562991919191038,3.912931482321514,5.1293007446102985,0.24714577609523056,0.9,,,
eagle,kv_buffer,512,32,96,vanilla,g12,9.733158334409895,0.042627006264317355,2.998324592803275,6.693939146567141,0.1893780307224132,0.95,,,
eagle,kv_buffer,512,32,96,eagle,tree_d5_n31,4.0,0.08111270451570896,4.99871189304051,3.5178531851125108,0.31572506083060664,,5.0,31.0,1 2 4 8 16
eagle,kv_buffer,512,32,96,eagle,tree_d5_n31,5.0,0.06489016361256716,3.998969514432408,4.3973164813906385,0.2525800486644853,,5.0,31.0,1 2 4 8 16
eagle,kv_buffer,512,32,96,eagle,tree_d5_n31,6.0,0.05407513634380597,3.33247459536034,5.276779777668766,0.2104833738870711,,5.0,31.0,1 2 4 8 16
eagle,kv_buffer,512,32,96,eagle,tree_d5_n31,7.0,0.0463501168661194,2.8564067960231485,6.156243073946894,0.18041432047463235,,5.0,31.0,1 2 4 8 16
eagle,kv_buffer,512,32,96,eagle,tree_d6_n63,4.0,0.07703002972590944,6.0357825239709335,3.704303204204791,0.38122777333780455,,6.0,63.0,1 2 4 8 16 32
eagle,kv_buffer,512,32,96,eagle,tree_d6_n63,5.0,0.06162402378072755,4.828626019176747,4.630379005255989,0.30498221867024367,,6.0,63.0,1 2 4 8 16 32
eagle,kv_buffer,512,32,96,eagle,tree_d6_n63,6.0,0.051353353150606296,4.023855015980622,5.556454806307187,0.2541518488918697,,6.0,63.0,1 2 4 8 16 32
eagle,kv_buffer,512,32,96,eagle,tree_d6_n63,7.0,0.04401715984337683,3.4490185851262476,6.482530607358385,0.2178444419073169,,6.0,63.0,1 2 4 8 16 32
eagle,kv_buffer,512,32,96,eagle,tree_d7_n127,4.0,0.08750589050572977,6.863520569450168,3.260838605087881,0.4335087709933382,,7.0,127.0,1 2 4 8 16 32 64
eagle,kv_buffer,512,32,96,eagle,tree_d7_n127,5.0,0.07000471240458381,5.490816455560134,4.076048256359851,0.3468070167946705,,7.0,127.0,1 2 4 8 16 32 64
eagle,kv_buffer,512,32,96,eagle,tree_d7_n127,6.0,0.058337260337153175,4.575680379633446,4.891257907631821,0.2890058473288921,,7.0,127.0,1 2 4 8 16 32 64
eagle,kv_buffer,512,32,96,eagle,tree_d7_n127,7.0,0.05000336600327415,3.9220117539715247,5.706467558903791,0.24771929771047896,,7.0,127.0,1 2 4 8 16 32 64
eagle,kv_buffer,1024,32,96,baseline,ar,1.0,0.2873406869282462,15.917436325963092,1.0,1.0,,,,
eagle,kv_buffer,1024,32,96,vanilla,g1,1.2,0.248568178072451,13.773417462599305,1.1559833972170568,0.8653037574985203,0.2,,,
eagle,kv_buffer,1024,32,96,vanilla,g1,1.25,0.23862545094955295,13.222480764095332,1.2041493721011007,0.8306916071985795,0.25,,,
eagle,kv_buffer,1024,32,96,vanilla,g1,1.3,0.22944754898995473,12.713923811630126,1.252315346985145,0.798741929998634,0.3,,,
eagle,kv_buffer,1024,32,96,vanilla,g1,1.35,0.22094949161995642,12.243037744532714,1.300481321869189,0.7691588955542402,0.35,,,
eagle,kv_buffer,1024,32,96,vanilla,g1,1.4,0.21305843834781513,11.805786396513689,1.348647296753233,0.7416889349987317,0.4,,,
eagle,kv_buffer,1024,32,96,vanilla,g1,1.45,0.20571159564616634,11.398690313875287,1.396813271637277,0.7161134544815341,0.45,,,
eagle,kv_buffer,1024,32,96,vanilla,g1,1.5,0.19885454245796078,11.018733970079444,1.4449792465213211,0.6922430059988162,0.5,,,
eagle,kv_buffer,1024,32,96,vanilla,g1,1.5500000000000003,0.19243987979802654,10.663290938786556,1.4931452214053653,0.6699125864504671,0.55,,,
eagle,kv_buffer,1024,32,96,vanilla,g1,1.5999999999999999,0.18642613355433826,10.330063096949479,1.5413111962894088,0.6489778181238902,0.6,,,
eagle,kv_buffer,1024,32,96,vanilla,g1,1.65,0.18077685677996436,10.017030881890403,1.589477171173453,0.6293118236352875,0.65,,,
eagle,kv_buffer,1024,32,96,vanilla,g1,1.6999999999999997,0.17545989040408308,9.722412326540686,1.6376431460574967,0.6108026523518967,0.7,,,
eagle,kv_buffer,1024,32,96,vanilla,g1,1.75,0.1704467506782521,9.444629117210951,1.6858091209415411,0.5933511479989853,0.75,,,
eagle,kv_buffer,1024,32,96,vanilla,g1,1.7999999999999998,0.16571211871496733,9.182278308399537,1.733975095825585,0.5768691716656802,0.8,,,
eagle,kv_buffer,1024,32,96,vanilla,g1,1.8500000000000003,0.16123341280375197,8.934108624388736,1.7821410707096295,0.561278112972013,0.85,,,
eagle,kv_buffer,1024,32,96,vanilla,g1,1.9,0.15699042825628484,8.699000502694297,1.8303070455936732,0.5465076363148549,0.9,,,
eagle,kv_buffer,1024,32,96,vanilla,g1,1.9499999999999988,0.1529650326599699,8.475949207753423,1.8784730204777165,0.5324946199990898,0.95,,,
eagle,kv_buffer,1024,32,96,vanilla,g2,1.24,0.24945927626846248,16.01744557193688,1.1518540870735816,1.006282999594015,0.2,,,
eagle,kv_buffer,1024,32,96,vanilla,g2,1.3125,0.23567962100791884,15.132672387963222,1.219200394583932,0.9506978434259646,0.25,,,
eagle,kv_buffer,1024,32,96,vanilla,g2,1.3900000000000001,0.22253921048409603,14.288944251224265,1.2911912750260308,0.8976913089903443,0.3,,,
eagle,kv_buffer,1024,32,96,vanilla,g2,1.4725,0.2100709694892316,13.488375218473163,1.367826728399878,0.8473962101844339,0.35,,,
eagle,kv_buffer,1024,32,96,vanilla,g2,1.56,0.19828814267493172,12.73181571102675,1.4491067547054735,0.7998659740362684,0.4,,,
eagle,kv_buffer,1024,32,96,vanilla,g2,1.6524999999999999,0.18718880639812013,12.019142214342954,1.535031353942817,0.755092840845131,0.45,,,
eagle,kv_buffer,1024,32,96,vanilla,g2,1.75,0.17675971575593913,11.349504290972417,1.6256005261119095,0.7130233825694736,0.5,,,
eagle,kv_buffer,1024,32,96,vanilla,g2,1.8525,0.16697948856836356,10.721529019812,1.7208142712127497,0.6735713465568576,0.55,,,
eagle,kv_buffer,1024,32,96,vanilla,g2,1.96,0.1578211747820885,10.133485974082516,1.8206725892453386,0.6366280201513157,0.6,,,
eagle,kv_buffer,1024,32,96,vanilla,g2,2.0725000000000002,0.1492542835092369,9.583417374765611,1.9251754802096757,0.6020704074772394,0.65,,,
eagle,kv_buffer,1024,32,96,vanilla,g2,2.19,0.14124634820680068,9.069238588676589,2.0343229441057606,0.5697675431491227,0.7,,,
eagle,kv_buffer,1024,32,96,vanilla,g2,2.3125,0.1337641092207107,8.588814058033181,2.1481149809335944,0.539585262485007,0.75,,,
eagle,kv_buffer,1024,32,96,vanilla,g2,2.44,0.1267743863003662,8.140013323443332,2.2665515906931764,0.5113897211051552,0.8,,,
eagle,kv_buffer,1024,32,96,vanilla,g2,2.5725000000000002,0.12024470459587695,7.720751218348583,2.389632773384507,0.48504992011528814,0.85,,,
eagle,kv_buffer,1024,32,96,vanilla,g2,2.7099999999999995,0.11414372788667658,7.3290156860523,2.517358529007585,0.46043945368877454,0.9,,,
eagle,kv_buffer,1024,32,96,vanilla,g2,2.8524999999999996,0.10844154340855164,6.9628860680812386,2.649728857562412,0.437437658018082,0.95,,,
eagle,kv_buffer,1024,32,96,vanilla,g4,1.2496,0.2652260969355871,17.067014244863262,1.0833801433877372,1.0722212984150647,0.2,,,
eagle,kv_buffer,1024,32,96,vanilla,g4,1.33203125,0.24881287937554739,16.01084133752953,1.154846516182736,1.0058680939350821,0.25,,,
eagle,kv_buffer,1024,32,96,vanilla,g4,1.4251,0.2325637013056695,14.96522419506079,1.2355354052031564,0.9401780468033575,0.3,,,
eagle,kv_buffer,1024,32,96,vanilla,g4,1.53038125,0.2165646832975179,13.935704583665759,1.3268123063883681,0.8754993139777848,0.35,,,
eagle,kv_buffer,1024,32,96,vanilla,g4,1.6496,0.20091327032656983,12.928552982772269,1.4301727629100602,0.8122258332319744,0.4,,,
eagle,kv_buffer,1024,32,96,vanilla,g4,1.78463125,0.18571149122862754,11.95033483829286,1.5472423651722444,0.7507700733691988,0.45,,,
eagle,kv_buffer,1024,32,96,vanilla,g4,1.9375,0.17105885457068884,11.007453419551553,1.6797767508112522,0.691534314580369,0.5,,,
eagle,kv_buffer,1024,32,96,vanilla,g4,2.11038125,0.15704580901233348,10.105729000568562,1.8296616046957364,0.634884210850274,0.55,,,
eagle,kv_buffer,1024,32,96,vanilla,g4,2.3056,0.14374849528569986,9.250061155612913,1.9989126589266701,0.5811275739501496,0.6,,,
eagle,kv_buffer,1024,32,96,vanilla,g4,2.52563125,0.13122522566614173,8.444202216923445,2.1896756928373478,0.5305001411031262,0.65,,,
eagle,kv_buffer,1024,32,96,vanilla,g4,2.7731,0.11951481400984805,7.6906498144247,2.404226532993385,0.48315882387922,0.7,,,
eagle,kv_buffer,1024,32,96,vanilla,g4,3.05078125,0.10863660930481646,6.990649034695992,2.644971053192718,0.4391818438308105,0.75,,,
eagle,kv_buffer,1024,32,96,vanilla,g4,3.3616,0.0985918999079931,6.344282782121946,2.914445174465603,0.39857440935847954,0.8,,,
eagle,kv_buffer,1024,32,96,vanilla,g4,3.7086312500000003,0.08936626706435416,5.750623225315575,3.2153148650746184,0.3612782302094512,0.85,,,
eagle,kv_buffer,1024,32,96,vanilla,g4,4.0951,0.08093246336614725,5.207917022876396,3.550376140514663,0.3271831541352994,0.9,,,
eagle,kv_buffer,1024,32,96,vanilla,g4,4.52438125,0.07325344890656807,4.713780696615948,3.9225550635129562,0.2961394410560482,0.95,,,
eagle,kv_buffer,1024,32,96,vanilla,g6,1.249984,0.2828242302149471,20.079855973504827,1.0159691293418056,1.2615006312764305,0.2,,,
eagle,kv_buffer,1024,32,96,vanilla,g6,1.333251953125,0.2651605060486683,18.82577305088878,1.0836481315038178,1.182713890941211,0.25,,,
eagle,kv_buffer,1024,32,96,vanilla,g6,1.4282590000000002,0.24752216690460233,17.57349240521884,1.160868501280495,1.1040403771902978,0.3,,,
eagle,kv_buffer,1024,32,96,vanilla,g6,1.5374717031249998,0.22993968725566719,16.325177652485756,1.2496350254175808,1.025616017439793,0.35,,,
eagle,kv_buffer,1024,32,96,vanilla,g6,1.663936,0.2124635578417682,15.0844135166169,1.3524233983798888,0.9476660190568854,0.4,,,
eagle,kv_buffer,1024,32,96,vanilla,g6,1.8113878281249998,0.19516845431546337,13.85650179352613,1.472270136770151,0.8705234630607348,0.45,,,
eagle,kv_buffer,1024,32,96,vanilla,g6,1.984375,0.17815471500144903,12.6485662685659,1.6128716375870777,0.7946358954761261,0.5,,,
eagle,kv_buffer,1024,32,96,vanilla,g6,2.188390328125,0.16154602679308092,11.469388420616244,1.7786923803226162,0.7205550055763947,0.55,,,
eagle,kv_buffer,1024,32,96,vanilla,g6,2.430016,0.14548289500192607,10.32894379674268,1.9750822728984192,0.6489074989981292,0.6,,,
eagle,kv_buffer,1024,32,96,vanilla,g6,2.7170792031250004,0.1301124244646233,9.237676494788122,2.2084031414415173,0.5803495176996848,0.65,,,
eagle,kv_buffer,1024,32,96,vanilla,g6,3.0588189999999997,0.11557590121579618,8.205617491321147,2.4861643638991957,0.5155112496311282,0.7,,,
eagle,kv_buffer,1024,32,96,vanilla,g6,3.466064453125,0.10199630369315896,7.24149796653544,2.8171676474930787,0.45494122409170623,0.75,,,
eagle,kv_buffer,1024,32,96,vanilla,g6,3.9514240000000003,0.08946793930011064,6.352013524538358,3.2116609500124125,0.3990600869674926,0.8,,,
eagle,kv_buffer,1024,32,96,vanilla,g6,4.529486078124999,0.07804986183495324,5.54135684628829,3.681501544946564,0.3481312400320224,0.85,,,
eagle,kv_buffer,1024,32,96,vanilla,g6,5.2170309999999995,0.06776378414868542,4.811069493201298,4.240328230456718,0.30225153062832827,0.9,,,
eagle,kv_buffer,1024,32,96,vanilla,g6,6.033254078125,0.05859619999475777,4.1601925534993915,4.903742682186776,0.26136071590333043,0.95,,,
eagle,kv_buffer,1024,32,96,vanilla,g8,1.24999936,0.3005488816146489,19.192957726568864,0.9560530898819393,1.2057819697549559,0.2,,,
eagle,kv_buffer,1024,32,96,vanilla,g8,1.3333282470703125,0.2817655071003796,17.993457295630943,1.01978659448149,1.1304243300965264,0.25,,,
eagle,kv_buffer,1024,32,96,vanilla,g8,1.42854331,0.2629853131068367,16.794159971753416,1.0926111558614502,1.0550794504740875,0.3,,,
eagle,kv_buffer,1024,32,96,vanilla,g8,1.5383402836328124,0.24421508925180016,15.595499337807503,1.1765885875789641,0.9797745703791211,0.35,,,
eagle,kv_buffer,1024,32,96,vanilla,g8,1.66622976,0.22547065157870355,14.39848540138794,1.2744039408958114,0.904573142717865,0.4,,,
eagle,kv_buffer,1024,32,96,vanilla,g8,1.8168060351953124,0.2067837195546521,13.205143757758933,1.3895711303921257,0.8296024238664544,0.45,,,
eagle,kv_buffer,1024,32,96,vanilla,g8,1.99609375,0.1882105535709567,12.019067177940983,1.5266980595746282,0.7550881267441643,0.5,,,
eagle,kv_buffer,1024,32,96,vanilla,g8,2.2119880742578126,0.16984083867318345,10.845982920937711,1.6918232927544716,0.6813900617429653,0.55,,,
eagle,kv_buffer,1024,32,96,vanilla,g8,2.4748057599999997,0.1518042004504737,9.694168836393098,1.892837524097309,0.6090282780387719,0.6,,,
eagle,kv_buffer,1024,32,96,vanilla,g8,2.7979659633203124,0.13427107927403267,8.574509193188355,2.1400042993757062,0.5386865709776634,0.65,,,
eagle,kv_buffer,1024,32,96,vanilla,g8,3.1988213099999996,0.1174451065749049,7.500007830921364,2.446595650581527,0.47118189621327555,0.7,,,
eagle,kv_buffer,1024,32,96,vanilla,g8,3.6996612548828125,0.10154602915907412,6.4846977120012195,2.8296595081834326,0.40739586320342075,0.75,,,
eagle,kv_buffer,1024,32,96,vanilla,g8,4.32891136,0.08678530892049192,5.542082726941799,3.310936960442146,0.3481768428941067,0.8,,,
eagle,kv_buffer,1024,32,96,vanilla,g8,5.1225536914453125,0.07333957480903011,4.6834423453254415,3.9179486338236407,0.29423345879425516,0.85,,,
eagle,kv_buffer,1024,32,96,vanilla,g8,6.12579511,0.06132851375550281,3.916419737178923,4.685270673177924,0.2460458868486762,0.9,,,
eagle,kv_buffer,1024,32,96,vanilla,g8,7.395011805507812,0.05080261121249538,3.244238887739094,5.656022004978596,0.20381667130952383,0.95,,,
eagle,kv_buffer,1024,32,96,vanilla,g10,1.2499999743999999,0.3182787066176837,20.249767522496374,0.9027958231381145,1.2721751862432,0.2,,,
eagle,kv_buffer,1024,32,96,vanilla,g10,1.3333330154418945,0.29838635248397744,18.984161189721547,0.9629820014763432,1.192664497030611,0.25,,,
eagle,kv_buffer,1024,32,96,vanilla,g10,1.4285688979,0.2784943559313155,17.718577607237165,1.0317648484018558,1.1131552370865285,0.3,,,
eagle,kv_buffer,1024,32,96,vanilla,g10,1.5384466847450193,0.25860394062996644,16.453094628314428,1.1111226156425777,1.0336522974794389,0.35,,,
eagle,kv_buffer,1024,32,96,vanilla,g10,1.6665967616,0.23871903767664787,15.18796236014864,1.2036773008337016,0.9541713909906083,0.4,,,
eagle,kv_buffer,1024,32,96,vanilla,g10,1.8179032221270506,0.21885014025040583,13.923848407677989,1.3129563755338438,0.8747544593576705,0.45,,,
eagle,kv_buffer,1024,32,96,vanilla,g10,1.9990234375,0.1990213659634342,12.662287199784979,1.443768037352526,0.7954979018280346,0.5,,,
eagle,kv_buffer,1024,32,96,vanilla,g10,2.2191263924629885,0.17928153009914924,11.406384499186919,1.6027344633289125,0.7165968354201517,0.55,,,
eagle,kv_buffer,1024,32,96,vanilla,g10,2.4909300736,0.15971880517271286,10.161750084033518,1.7990410497845177,0.6384036898868308,0.6,,,
eagle,kv_buffer,1024,32,96,vanilla,g10,2.832140619502832,0.14047620813192885,8.937483086263509,2.045475819352904,0.5614901107966419,0.65,,,
eagle,kv_buffer,1024,32,96,vanilla,g10,3.2674224418999995,0.12176214805356533,7.746843065082034,2.3598523147098223,0.4866891191797061,0.7,,,
eagle,kv_buffer,1024,32,96,vanilla,g10,3.831059455871582,0.10384813384047509,6.607104164340823,2.7669316366304737,0.4150859490836416,0.75,,,
eagle,kv_buffer,1024,32,96,vanilla,g10,4.570503270400001,0.08704695119698512,5.538166671634642,3.3009850773291447,0.347930819902278,0.8,,,
eagle,kv_buffer,1024,32,96,vanilla,g10,5.551045042069238,0.0716708965805591,4.559899747325938,4.009168304533085,0.2864719954863736,0.85,,,
eagle,kv_buffer,1024,32,96,vanilla,g10,6.861894039100001,0.057979381910763385,3.6888078918872873,4.955911523349714,0.2317463576637926,0.9,,,
eagle,kv_buffer,1024,32,96,vanilla,g10,8.623998154470799,0.04613270643128786,2.9350897844991097,6.228567737646705,0.1843946301648875,0.95,,,
eagle,kv_buffer,1024,32,96,vanilla,g12,1.2499999989759998,0.3359634102774262,23.551741898628254,0.8552737534452661,1.4796190426854587,0.2,,,
eagle,kv_buffer,1024,32,96,vanilla,g12,1.3333333134651184,0.3149657015704218,22.079758340890287,0.9122919908280901,1.3871428720513095,0.25,,,
eagle,kv_buffer,1024,32,96,vanilla,g12,1.428571200811,0.29396803061992854,20.607777429963186,0.9774555631858798,1.2946668677009017,0.3,,,
eagle,kv_buffer,1024,32,96,vanilla,g12,1.5384597188812648,0.2729705934765312,19.135812909405416,1.0526433754958682,1.2021918930621258,0.35,,,
eagle,kv_buffer,1024,32,96,vanilla,g12,1.666655481856,0.2519742484722109,17.663924950094717,1.1403573526678688,1.1097217283214704,0.4,,,
eagle,kv_buffer,1024,32,96,vanilla,g12,1.8181254024807276,0.23098201143317876,16.19232496779352,1.2439959507901834,1.0172696555023786,0.45,,,
eagle,kv_buffer,1024,32,96,vanilla,g12,1.999755859375,0.21000276635469284,14.721635749260589,1.3682709609783439,0.9248748006767886,0.5,,,
eagle,kv_buffer,1024,32,96,vanilla,g12,2.221285733720054,0.1890590913756269,13.253440069533431,1.5198459108075961,0.8326366004000035,0.55,,,
eagle,kv_buffer,1024,32,96,vanilla,g12,2.4967348264959996,0.16820138768686696,11.79127115813294,1.7083134145312497,0.7407770269449785,0.6,,,
eagle,kv_buffer,1024,32,96,vanilla,g12,2.8465794117399468,0.14752943858540127,10.342124034113485,1.9476837279626165,0.6497355366984784,0.65,,,
eagle,kv_buffer,1024,32,96,vanilla,g12,3.301036996531,0.1272188899864129,8.918311845673331,2.2586322436780772,0.5602856931883298,0.7,,,
eagle,kv_buffer,1024,32,96,vanilla,g12,3.904970943927765,0.1075435050690417,7.539025967644412,2.671855327235027,0.47363317894021856,0.75,,,
eagle,kv_buffer,1024,32,96,vanilla,g12,4.725122093056001,0.08887691243363158,6.230458550993345,3.2330183290606156,0.3914234945504874,0.8,,,
eagle,kv_buffer,1024,32,96,vanilla,g12,5.860630042895024,0.07165684566830427,5.023295641201363,4.00995444675769,0.31558446588586725,0.85,,,
eagle,kv_buffer,1024,32,96,vanilla,g12,7.458134171671001,0.0563082203720485,3.9473247157435285,5.102997129543143,0.2479874670084282,0.9,,,
eagle,kv_buffer,1024,32,96,vanilla,g12,9.733158334409895,0.043146761623930496,3.0246787669208515,6.659611894693816,0.19002298517049931,0.95,,,
eagle,kv_buffer,1024,32,96,eagle,tree_d5_n31,4.0,0.08228027933500748,5.104718699722163,3.4922181748840084,0.32069980335940185,,5.0,31.0,1 2 4 8 16
eagle,kv_buffer,1024,32,96,eagle,tree_d5_n31,5.0,0.06582422346800598,4.08377495977773,4.36527271860501,0.25655984268752147,,5.0,31.0,1 2 4 8 16
eagle,kv_buffer,1024,32,96,eagle,tree_d5_n31,6.0,0.05485351955667165,3.403145799814775,5.238327262326013,0.21379986890626787,,5.0,31.0,1 2 4 8 16
eagle,kv_buffer,1024,32,96,eagle,tree_d5_n31,7.0,0.04701730247714713,2.91698211412695,6.111381806047015,0.18325703049108674,,5.0,31.0,1 2 4 8 16
eagle,kv_buffer,1024,32,96,eagle,tree_d6_n63,4.0,0.10146764434494848,6.3625488152562015,2.8318454496825156,0.3997219580440968,,6.0,63.0,1 2 4 8 16 32
eagle,kv_buffer,1024,32,96,eagle,tree_d6_n63,5.0,0.08117411547595879,5.090039052204961,3.5398068121031443,0.31977756643527744,,6.0,63.0,1 2 4 8 16 32
eagle,kv_buffer,1024,32,96,eagle,tree_d6_n63,6.0,0.06764509622996566,4.241699210170801,4.247768174523773,0.26648130536273124,,6.0,63.0,1 2 4 8 16 32
eagle,kv_buffer,1024,32,96,eagle,tree_d6_n63,7.0,0.05798151105425627,3.635742180146401,4.9557295369444025,0.22841254745376963,,6.0,63.0,1 2 4 8 16 32
eagle,kv_buffer,1024,32,96,eagle,tree_d7_n127,4.0,0.24707210644686306,15.795862858757111,1.1629831107221469,0.9923622457337756,,7.0,127.0,1 2 4 8 16 32 64
eagle,kv_buffer,1024,32,96,eagle,tree_d7_n127,5.0,0.19765768515749044,12.636690287005688,1.4537288884026838,0.7938897965870204,,7.0,127.0,1 2 4 8 16 32 64
eagle,kv_buffer,1024,32,96,eagle,tree_d7_n127,6.0,0.16471473763124203,10.530575239171407,1.7444746660832204,0.6615748304891836,,7.0,127.0,1 2 4 8 16 32 64
eagle,kv_buffer,1024,32,96,eagle,tree_d7_n127,7.0,0.1411840608267789,9.026207347861206,2.035220443763757,0.5670641404193003,,7.0,127.0,1 2 4 8 16 32 64
eagle,kv_buffer,2048,32,96,baseline,ar,1.0,0.29133688821889336,16.132086367620303,1.0,1.0,,,,
eagle,kv_buffer,2048,32,96,vanilla,g1,1.2,0.2522683644850806,13.95524047575694,1.1548688984984612,0.8650611060307336,0.2,,,
eagle,kv_buffer,2048,32,96,vanilla,g1,1.25,0.24217762990567734,13.397030856726662,1.2029884359358973,0.8304586617895043,0.25,,,
eagle,kv_buffer,2048,32,96,vanilla,g1,1.3,0.2328631056785359,12.881760439160251,1.2511079733733332,0.7985179440283694,0.3,,,
eagle,kv_buffer,2048,32,96,vanilla,g1,1.35,0.2242385462089605,12.404658200672834,1.2992275108107691,0.7689432053606521,0.35,,,
eagle,kv_buffer,2048,32,96,vanilla,g1,1.4,0.21623002670149766,11.961634693505948,1.3473470482482048,0.7414809480263431,0.4,,,
eagle,kv_buffer,2048,32,96,vanilla,g1,1.45,0.20877381888420463,11.549164531660916,1.3954665856856407,0.7159126394737105,0.45,,,
eagle,kv_buffer,2048,32,96,vanilla,g1,1.5,0.20181469158806445,11.16419238060555,1.4435861231230767,0.6920488848245868,0.5,,,
eagle,kv_buffer,2048,32,96,vanilla,g1,1.5500000000000003,0.19530454024651395,10.804057142521499,1.4917056605605128,0.6697247272496001,0.55,,,
eagle,kv_buffer,2048,32,96,vanilla,g1,1.5999999999999999,0.18920127336381046,10.466430356817705,1.5398251979979483,0.6487958295230503,0.6,,,
eagle,kv_buffer,2048,32,96,vanilla,g1,1.65,0.18346790144369496,10.149265800550502,1.5879447354353844,0.6291353498405335,0.65,,,
eagle,kv_buffer,2048,32,96,vanilla,g1,1.6999999999999997,0.178071786695351,9.850757982887252,1.63606427287282,0.6106313689628708,0.7,,,
eagle,kv_buffer,2048,32,96,vanilla,g1,1.75,0.17298402136119811,9.569307754804758,1.684183810310256,0.5931847584210744,0.75,,,
eagle,kv_buffer,2048,32,96,vanilla,g1,1.7999999999999998,0.1681789096567204,9.303493650504628,1.732303347747692,0.5767074040204891,0.8,,,
eagle,kv_buffer,2048,32,96,vanilla,g1,1.8500000000000003,0.16363353372005224,9.052047876166661,1.7804228851851283,0.5611207174253405,0.85,,,
eagle,kv_buffer,2048,32,96,vanilla,g1,1.9,0.15932738809584038,8.813836089951751,1.8285424226225635,0.5463543827562528,0.9,,,
eagle,kv_buffer,2048,32,96,vanilla,g1,1.9499999999999988,0.15524207045235736,8.587840292773507,1.8766619600599987,0.5323452960189133,0.95,,,
eagle,kv_buffer,2048,32,96,vanilla,g2,1.24,0.2534477655769805,16.192941754980566,1.1494947984870068,1.0037723197095205,0.2,,,
eagle,kv_buffer,2048,32,96,vanilla,g2,1.3125,0.2394477937641568,15.29847449613402,1.2167031637211263,0.9483258487160423,0.25,,,
eagle,kv_buffer,2048,32,96,vanilla,g2,1.3900000000000001,0.22609728727730632,14.445501997248849,1.2885465886265643,0.8954515657840327,0.3,,,
eagle,kv_buffer,2048,32,96,vanilla,g2,1.4725,0.2134296973279836,13.636161477878371,1.3650250732033207,0.8452819534395963,0.35,,,
eagle,kv_buffer,2048,32,96,vanilla,g2,1.56,0.20145848033042038,12.871312677035833,1.446138617451396,0.7978703054101317,0.4,,,
eagle,kv_buffer,2048,32,96,vanilla,g2,1.6524999999999999,0.19018168188529855,12.150830726884056,1.5318872213707893,0.7532088813554043,0.45,,,
eagle,kv_buffer,2048,32,96,vanilla,g2,1.75,0.1795858453231176,11.473855872100515,1.6222708849615017,0.7112443865370317,0.5,,,
eagle,kv_buffer,2048,32,96,vanilla,g2,1.8525,0.1696492465940382,10.839000149082807,1.7172896082235327,0.6718907835032688,0.55,,,
eagle,kv_buffer,2048,32,96,vanilla,g2,1.96,0.16034450475278358,10.244514171518317,1.8169433911568817,0.6350396308366354,0.6,,,
eagle,kv_buffer,2048,32,96,vanilla,g2,2.0725000000000002,0.15164064140673378,9.68841870985568,1.9212322337615502,0.6005682395366974,0.65,,,
eagle,kv_buffer,2048,32,96,vanilla,g2,2.19,0.14350467092029948,9.16860629049128,2.030156136037536,0.5683459709770802,0.7,,,
eagle,kv_buffer,2048,32,96,vanilla,g2,2.3125,0.13590280186614306,8.682917957265255,2.1437150979848414,0.5382389952172132,0.75,,,
eagle,kv_buffer,2048,32,96,vanilla,g2,2.44,0.12880132348994092,8.229199908268813,2.261909119603465,0.5101138018195924,0.8,,,
eagle,kv_buffer,2048,32,96,vanilla,g2,2.5725000000000002,0.12216724171640653,7.805344130680622,2.3847382008934077,0.4838397187326746,0.85,,,
eagle,kv_buffer,2048,32,96,vanilla,g2,2.7099999999999995,0.11596871930459626,7.409316522574135,2.512202341854668,0.4592906555128434,0.9,,,
eagle,kv_buffer,2048,32,96,vanilla,g2,2.8524999999999996,0.11017536522890653,7.039175381656759,2.644301542487247,0.436346249409222,0.95,,,
eagle,kv_buffer,2048,32,96,vanilla,g4,1.2496,0.2699930077700334,17.254037212809166,1.0790534563289123,1.0695477831956566,0.2,,,
eagle,kv_buffer,2048,32,96,vanilla,g4,1.33203125,0.2532847953150001,16.186290600259067,1.1502344144131091,1.003360026186542,0.25,,,
eagle,kv_buffer,2048,32,96,vanilla,g4,1.4251,0.2367435706332424,15.12921542426941,1.2306010568296517,0.9378337729852589,0.3,,,
eagle,kv_buffer,2048,32,96,vanilla,g4,1.53038125,0.22045700214206998,14.088414178575654,1.3215134261471357,0.8733163124425971,0.35,,,
eagle,kv_buffer,2048,32,96,vanilla,g4,1.6496,0.20452428619631047,13.070226055483957,1.424461092797834,0.8102006000735285,0.4,,,
eagle,kv_buffer,2048,32,96,vanilla,g4,1.78463125,0.1890492853968761,12.081288446073291,1.5410631550776943,0.7488980762167492,0.45,,,
eagle,kv_buffer,2048,32,96,vanilla,g4,1.9375,0.17413329677906259,11.128074787678107,1.6730682391463405,0.6898100180032477,0.5,,,
eagle,kv_buffer,2048,32,96,vanilla,g4,2.11038125,0.15986839463695657,10.216469133776815,1.8223544990270728,0.633301167682992,0.55,,,
eagle,kv_buffer,2048,32,96,vanilla,g4,2.3056,0.14633208818070512,9.351424748927105,1.9909296166068662,0.5796785695182566,0.6,,,
eagle,kv_buffer,2048,32,96,vanilla,g4,2.52563125,0.1335837377326693,8.536735084001805,2.1809308016363724,0.5291773729364856,0.65,,,
eagle,kv_buffer,2048,32,96,vanilla,g4,2.7731,0.1216628547507965,7.774925138338443,2.3946247917299184,0.481954098258733,0.7,,,
eagle,kv_buffer,2048,32,96,vanilla,g4,3.05078125,0.11058913598260568,7.067253642366635,2.634407852365508,0.4380867719969409,0.75,,,
eagle,kv_buffer,2048,32,96,vanilla,g4,3.3616,0.10036389294069303,6.413804408950004,2.9028057768848203,0.3975805895648776,0.8,,,
eagle,kv_buffer,2048,32,96,vanilla,g4,3.7086312500000003,0.09097244772163145,5.813639439382476,3.2024738864932094,0.36037740605278357,0.85,,,
eagle,kv_buffer,2048,32,96,vanilla,g4,4.0951,0.08238706319978358,5.264986178878741,3.536197030259706,0.32636734386981814,0.9,,,
eagle,kv_buffer,2048,32,96,vanilla,g4,4.52438125,0.07457003374979368,4.765435030729635,3.9068895851170167,0.29540103630331604,0.95,,,
eagle,kv_buffer,2048,32,96,vanilla,g6,1.249984,0.2884923235997606,20.18520687191118,1.0098601050580436,1.251245896651418,0.2,,,
eagle,kv_buffer,2048,32,96,vanilla,g6,1.333251953125,0.2704745999263605,18.924544282451507,1.0771321532528852,1.1730996134781497,0.25,,,
eagle,kv_buffer,2048,32,96,vanilla,g6,1.4282590000000002,0.252482770017569,17.665693425757528,1.1538881968009962,1.0950656364706441,0.3,,,
eagle,kv_buffer,2048,32,96,vanilla,g6,1.5374717031249998,0.23454791908661535,16.41082926943968,1.2421209676616514,1.0172787880914684,0.35,,,
eagle,kv_buffer,2048,32,96,vanilla,g6,1.663936,0.21672154976064173,15.163555345024701,1.3442912739441952,0.9399624449978399,0.4,,,
eagle,kv_buffer,2048,32,96,vanilla,g6,1.8113878281249998,0.19907983427038808,13.929201264809357,1.4634173736713219,0.8634469805943705,0.45,,,
eagle,kv_buffer,2048,32,96,vanilla,g6,1.984375,0.18172512182552347,12.714928189772106,1.6031734373996431,0.7881763028056319,0.5,,,
eagle,kv_buffer,2048,32,96,vanilla,g6,2.188390328125,0.164783578134113,11.529563671667729,1.7679970996975314,0.7146976162246081,0.55,,,
eagle,kv_buffer,2048,32,96,vanilla,g6,2.430016,0.14839852438112472,10.383135595230247,1.963206099480255,0.6436325319997588,0.6,,,
eagle,kv_buffer,2048,32,96,vanilla,g6,2.7170792031250004,0.13272001353798338,9.286142854267856,2.1951240092023885,0.5756318583135435,0.65,,,
eagle,kv_buffer,2048,32,96,vanilla,g6,3.0588189999999997,0.11789216315922034,8.248669053833858,2.471215052907509,0.5113206603201843,0.7,,,
eagle,kv_buffer,2048,32,96,vanilla,g6,3.466064453125,0.10404041629906705,7.279491183099787,2.8002280131351784,0.45124300832599673,0.75,,,
eagle,kv_buffer,2048,32,96,vanilla,g6,3.9514240000000003,0.09126097037992459,6.385339975304857,3.192349226685202,0.39581612878798267,0.8,,,
eagle,kv_buffer,2048,32,96,vanilla,g6,4.529486078124999,0.07961406269997845,5.570430108711932,3.659364669239172,0.34530128228749646,0.85,,,
eagle,kv_buffer,2048,32,96,vanilla,g6,5.2170309999999995,0.06912184125847119,4.836311232687524,4.214831128839305,0.29979452889582714,0.9,,,
eagle,kv_buffer,2048,32,96,vanilla,g6,6.033254078125,0.059770529129546106,4.182019404430637,4.87425646822454,0.2592361154738561,0.95,,,
eagle,kv_buffer,2048,32,96,vanilla,g8,1.24999936,0.30697875844550965,19.619950082943156,0.9490457570881315,1.2162066105921399,0.2,,,
eagle,kv_buffer,2048,32,96,vanilla,g8,1.3333282470703125,0.2877935365380781,18.393763951824216,1.01231213085408,1.1401974631591028,0.25,,,
eagle,kv_buffer,2048,32,96,vanilla,g8,1.42854331,0.2686115631947355,17.16778544635856,1.0846029290544081,1.0642011860795062,0.3,,,
eagle,kv_buffer,2048,32,96,vanilla,g8,1.5383402836328124,0.24943977328885497,15.942457795485229,1.1679648533095839,0.9882452543450493,0.35,,,
eagle,kv_buffer,2048,32,96,vanilla,g8,1.66622976,0.23029432122883317,14.718813476786591,1.2650632749619775,0.9123936694468499,0.4,,,
eagle,kv_buffer,2048,32,96,vanilla,g8,1.8168060351953124,0.21120760508109504,13.498923149643975,1.3793863535691908,0.8367747879616172,0.45,,,
eagle,kv_buffer,2048,32,96,vanilla,g8,1.99609375,0.19223708885941934,12.286459514695082,1.5155082192903186,0.761616274219557,0.5,,,
eagle,kv_buffer,2048,32,96,vanilla,g8,2.2119880742578126,0.17347437631155949,11.087277247251762,1.6794231771478063,0.6872810493691451,0.55,,,
eagle,kv_buffer,2048,32,96,vanilla,g8,2.4748057599999997,0.15505186620807027,9.909838357136719,1.8789640869458275,0.6142936586942258,0.6,,,
eagle,kv_buffer,2048,32,96,vanilla,g8,2.7979659633203124,0.13714364528406264,8.765269259318456,2.1243192684243852,0.5433438093234961,0.65,,,
eagle,kv_buffer,2048,32,96,vanilla,g8,3.1988213099999996,0.11995770141673892,7.666863094303599,2.4286634770265794,0.4752555199364807,0.7,,,
eagle,kv_buffer,2048,32,96,vanilla,g8,3.6996612548828125,0.1037184826270361,6.628965020660444,2.808919691454791,0.41091802198417715,0.75,,,
eagle,kv_buffer,2048,32,96,vanilla,g8,4.32891136,0.08864197477826886,5.665379354616974,3.286669649989752,0.351187021040769,0.8,,,
eagle,kv_buffer,2048,32,96,vanilla,g8,5.1225536914453125,0.07490858558130901,4.787636504009245,3.8892322683447778,0.2967772670507643,0.85,,,
eagle,kv_buffer,2048,32,96,vanilla,g8,6.12579511,0.06264056252290841,4.003549679106209,4.650930267625677,0.24817308734113763,0.9,,,
eagle,kv_buffer,2048,32,96,vanilla,g8,7.395011805507812,0.05188947113034818,3.3164145902572733,5.614566536765134,0.2055787772692472,0.95,,,
eagle,kv_buffer,2048,32,96,vanilla,g10,1.2499999743999999,0.3254703407323091,20.61811285343751,0.8951257664934525,1.278080986153247,0.2,,,
eagle,kv_buffer,2048,32,96,vanilla,g10,1.3333330154418945,0.3051285109358153,19.32948501273825,0.9548006095050783,1.1982011856529382,0.25,,,
eagle,kv_buffer,2048,32,96,vanilla,g10,1.4285688979,0.28478704680005174,18.04088033615953,1.0229990847281767,1.1183228210562077,0.3,,,
eagle,kv_buffer,2048,32,96,vanilla,g10,1.5384466847450193,0.2644471996446042,16.75237809313147,1.1016826368758177,1.0384508061372764,0.35,,,
eagle,kv_buffer,2048,32,96,vanilla,g10,1.6665967616,0.24411298939088594,15.464232940324704,1.193450987372041,0.9586009266206206,0.4,,,
eagle,kv_buffer,2048,32,96,vanilla,g10,1.8179032221270506,0.2237951463155019,14.177124626479145,1.3018016387548124,0.8788153189493777,0.45,,,
eagle,kv_buffer,2048,32,96,vanilla,g10,1.9990234375,0.2035183329776971,12.89261549189475,1.4315019387016108,0.7991908298837469,0.5,,,
eagle,kv_buffer,2048,32,96,vanilla,g10,2.2191263924629885,0.18333246766165487,11.613867793428554,1.5891178029445587,0.7199234822310063,0.55,,,
eagle,kv_buffer,2048,32,96,vanilla,g10,2.4909300736,0.1633277151756275,10.346593351665412,1.7837565896615688,0.6413673418233548,0.6,,,
eagle,kv_buffer,2048,32,96,vanilla,g10,2.832140619502832,0.14365032399230374,9.100056812679538,2.0280976758152116,0.5640967079710668,0.65,,,
eagle,kv_buffer,2048,32,96,vanilla,g10,3.2674224418999995,0.12451341227452983,7.887758928406716,2.3398032621300873,0.4889484688253789,0.7,,,
eagle,kv_buffer,2048,32,96,vanilla,g10,3.831059455871582,0.10619462377693335,6.727288061132377,2.7434240817205566,0.41701289639975697,0.75,,,
eagle,kv_buffer,2048,32,96,vanilla,g10,4.570503270400001,0.08901381172138184,5.638906486706798,3.2729402615719225,0.34954601396289275,0.8,,,
eagle,kv_buffer,2048,32,96,vanilla,g10,5.551045042069238,0.07329032902815187,4.64284478754041,3.975106839907714,0.287801880162218,0.85,,,
eagle,kv_buffer,2048,32,96,vanilla,g10,6.861894039100001,0.05928944913243022,3.755907682648144,4.913806629711753,0.23282219032665583,0.9,,,
eagle,kv_buffer,2048,32,96,vanilla,g10,8.623998154470799,0.047175093303149104,2.98847936622207,6.175650493084358,0.1852506426087843,0.95,,,
eagle,kv_buffer,2048,32,96,vanilla,g12,1.2499999989759998,0.3439638480650639,23.800634583346014,0.8469985722563038,1.4753599776850763,0.2,,,
eagle,kv_buffer,2048,32,96,vanilla,g12,1.3333333134651184,0.32246611210195264,22.313095236099027,0.9034651310174965,1.3831499985572235,0.25,,,
eagle,kv_buffer,2048,32,96,vanilla,g12,1.428571200811,0.3009684147944642,20.825558563634164,0.9679982147556968,1.2909401852344664,0.3,,,
eagle,kv_buffer,2048,32,96,vanilla,g12,1.5384597188812648,0.27947095686181816,19.338038454750578,1.0424585491469949,1.1987313986593289,0.35,,,
eagle,kv_buffer,2048,32,96,vanilla,g12,1.666655481856,0.25797461707581576,17.85059571620642,1.1293238517852817,1.1065274081370804,0.4,,,
eagle,kv_buffer,2048,32,96,vanilla,g12,1.8181254024807276,0.23648248307980418,16.363443997986835,1.231959697076497,1.0143414574590242,0.45,,,
eagle,kv_buffer,2048,32,96,vanilla,g12,1.999755859375,0.21500365042735173,14.877212668404892,1.355032287311485,0.9222125600731877,0.5,,,
eagle,kv_buffer,2048,32,96,vanilla,g12,2.221285733720054,0.19356123492003552,13.39350122912198,1.5051406772603573,0.8302398663079871,0.55,,,
eagle,kv_buffer,2048,32,96,vanilla,g12,2.4967348264959996,0.17220683797346778,11.915880248509975,1.6917846680616722,0.7386447094919518,0.6,,,
eagle,kv_buffer,2048,32,96,vanilla,g12,2.8465794117399468,0.1510426190661952,10.451418668353872,1.9288389596264448,0.647865281042107,0.65,,,
eagle,kv_buffer,2048,32,96,vanilla,g12,3.301036996531,0.1302484068433473,9.012559761091813,2.236778900253965,0.5586729177932913,0.7,,,
eagle,kv_buffer,2048,32,96,vanilla,g12,3.904970943927765,0.11010448372162439,7.618697714274465,2.6460038535349413,0.47226983172904524,0.75,,,
eagle,kv_buffer,2048,32,96,vanilla,g12,4.725122093056001,0.09099337567614788,6.296301475158107,3.2017373358669845,0.39029678689272324,0.8,,,
eagle,kv_buffer,2048,32,96,vanilla,g12,5.860630042895024,0.07336324022881377,5.07638137658565,3.9711562263367615,0.31467605992829084,0.85,,,
eagle,kv_buffer,2048,32,96,vanilla,g12,7.458134171671001,0.057649111672226604,3.9890396874081673,5.053623200220961,0.24727363817087,0.9,,,
eagle,kv_buffer,2048,32,96,vanilla,g12,9.733158334409895,0.04417423357935934,3.0566432993935675,6.595176975634551,0.18947600637253859,0.95,,,
eagle,kv_buffer,2048,32,96,eagle,tree_d5_n31,4.0,0.0779088854656731,5.041764040575057,3.7394565007255474,0.31253019142611893,,5.0,31.0,1 2 4 8 16
eagle,kv_buffer,2048,32,96,eagle,tree_d5_n31,5.0,0.06232710837253848,4.033411232460045,4.674320625906934,0.2500241531408951,,5.0,31.0,1 2 4 8 16
eagle,kv_buffer,2048,32,96,eagle,tree_d5_n31,6.0,0.0519392569771154,3.3611760270500377,5.60918475108832,0.20835346095074594,,5.0,31.0,1 2 4 8 16
eagle,kv_buffer,2048,32,96,eagle,tree_d5_n31,7.0,0.04451936312324177,2.8810080231857467,6.5440488762697075,0.1785886808149251,,5.0,31.0,1 2 4 8 16
eagle,kv_buffer,2048,32,96,eagle,tree_d6_n63,4.0,0.12577801277815404,8.154797343810152,2.3162783525030752,0.5055017161436814,,6.0,63.0,1 2 4 8 16 32
eagle,kv_buffer,2048,32,96,eagle,tree_d6_n63,5.0,0.10062241022252323,6.523837875048121,2.895347940628844,0.40440137291494516,,6.0,63.0,1 2 4 8 16 32
eagle,kv_buffer,2048,32,96,eagle,tree_d6_n63,6.0,0.08385200851876935,5.436531562540101,3.474417528754613,0.33700114409578763,,6.0,63.0,1 2 4 8 16 32
eagle,kv_buffer,2048,32,96,eagle,tree_d6_n63,7.0,0.07187315015894516,4.6598841964629445,4.053487116880381,0.28885812351067514,,6.0,63.0,1 2 4 8 16 32
eagle,kv_buffer,2048,32,96,eagle,tree_d7_n127,4.0,0.0922091907089122,7.227722082876181,3.1595211494545206,0.44803393176615913,,7.0,127.0,1 2 4 8 16 32 64
eagle,kv_buffer,2048,32,96,eagle,tree_d7_n127,5.0,0.07376735256712977,5.782177666300944,3.94940143681815,0.35842714541292725,,7.0,127.0,1 2 4 8 16 32 64
eagle,kv_buffer,2048,32,96,eagle,tree_d7_n127,6.0,0.06147279380594147,4.818481388584121,4.73928172418178,0.2986892878441061,,7.0,127.0,1 2 4 8 16 32 64
eagle,kv_buffer,2048,32,96,eagle,tree_d7_n127,7.0,0.0526909661193784,4.130126904500675,5.52916201154541,0.2560193895806624,,7.0,127.0,1 2 4 8 16 32 64
eagle,kv_buffer,4096,32,96,baseline,ar,1.0,0.29932929219171456,16.40058247216639,1.0,1.0,,,,
eagle,kv_buffer,4096,32,96,vanilla,g1,1.2,0.2596687385184519,14.216371074556502,1.1527351883000903,0.8668211082553477,0.2,,,
eagle,kv_buffer,4096,32,96,vanilla,g1,1.25,0.2492819889777138,13.647716231574242,1.2007658211459276,0.8321482639251337,0.25,,,
eagle,kv_buffer,4096,32,96,vanilla,g1,1.3,0.23969422017087866,13.122804068821386,1.2487964539917646,0.8001425614664748,0.3,,,
eagle,kv_buffer,4096,32,96,vanilla,g1,1.35,0.2308166564608461,12.636774288494667,1.2968270868376017,0.7705076517825312,0.35,,,
eagle,kv_buffer,4096,32,96,vanilla,g1,1.4,0.22257320444438736,12.185460921048431,1.3448577196834386,0.7429895213617267,0.4,,,
eagle,kv_buffer,4096,32,96,vanilla,g1,1.45,0.21489826636009812,11.76527261342607,1.3928883525292757,0.7173691930389084,0.45,,,
eagle,kv_buffer,4096,32,96,vanilla,g1,1.5,0.20773499081476152,11.373096859645202,1.440918985375113,0.6934568866042782,0.5,,,
eagle,kv_buffer,4096,32,96,vanilla,g1,1.5500000000000003,0.20103386207880142,11.00622276739858,1.4889496182209503,0.6710873096170432,0.55,,,
eagle,kv_buffer,4096,32,96,vanilla,g1,1.5999999999999999,0.19475155388883894,10.662278305917377,1.536980251066787,0.6501158311915108,0.6,,,
eagle,kv_buffer,4096,32,96,vanilla,g1,1.65,0.1888499916497832,10.33917896331382,1.5850108839126242,0.6304153514584347,0.65,,,
eagle,kv_buffer,4096,32,96,vanilla,g1,1.6999999999999997,0.18329558013067196,10.035085464392827,1.6330415167584609,0.6118737234743632,0.7,,,
eagle,kv_buffer,4096,32,96,vanilla,g1,1.75,0.17805856355550986,9.748368736838744,1.6810721496042984,0.5943916170893813,0.75,,,
eagle,kv_buffer,4096,32,96,vanilla,g1,1.7999999999999998,0.1731124923456346,9.477580716371003,1.7291027824501353,0.5778807388368986,0.8,,,
eagle,kv_buffer,4096,32,96,vanilla,g1,1.8500000000000003,0.16843377633629308,9.22142988619881,1.777133415295973,0.5622623404899552,0.85,,,
eagle,kv_buffer,4096,32,96,vanilla,g1,1.9,0.16400130853796963,8.978760678667264,1.8251640481418097,0.5474659631086406,0.9,,,
eagle,kv_buffer,4096,32,96,vanilla,g1,1.9499999999999988,0.15979614678058587,8.748536045880929,1.8731946809876456,0.5334283743109836,0.95,,,
eagle,kv_buffer,4096,32,96,vanilla,g2,1.24,0.26142474428826656,16.594671648429028,1.1449921965368801,1.0118342855561397,0.2,,,
eagle,kv_buffer,4096,32,96,vanilla,g2,1.3125,0.2469841393656766,15.678013595468187,1.2119373048021413,0.9559424869254196,0.25,,,
eagle,kv_buffer,4096,32,96,vanilla,g2,1.3900000000000001,0.23321344094780613,14.803879743922298,1.2834993170856963,0.9026435353162685,0.3,,,
eagle,kv_buffer,4096,32,96,vanilla,g2,1.4725,0.22014715308485608,13.974460335519183,1.359678233387545,0.8520709773104335,0.35,,,
eagle,kv_buffer,4096,32,96,vanilla,g2,1.56,0.20779915571631444,13.190636438494868,1.440474053707688,0.804278534672829,0.4,,,
eagle,kv_buffer,4096,32,96,vanilla,g2,1.6524999999999999,0.19616743293037855,12.452280087172163,1.5258867780461245,0.7592584048953788,0.45,,,
eagle,kv_buffer,4096,32,96,vanilla,g2,1.75,0.18523810452425746,11.75851019660114,1.615916406402855,0.7169568651940648,0.5,,,
eagle,kv_buffer,4096,32,96,vanilla,g2,1.8525,0.17498876270847533,11.107904369258836,1.7105629387778796,0.6772871870929086,0.55,,,
eagle,kv_buffer,4096,32,96,vanilla,g2,1.96,0.1653911647538013,10.498669818393875,1.8098263751711976,0.6401400582089863,0.6,,,
eagle,kv_buffer,4096,32,96,vanilla,g2,2.0725000000000002,0.15641335725811845,9.92877821184656,1.9137067155828102,0.6053918041445661,0.65,,,
eagle,kv_buffer,4096,32,96,vanilla,g2,2.19,0.14802131640066235,9.396069791804564,2.0222039600127157,0.5729107370272206,0.7,,,
eagle,kv_buffer,4096,32,96,vanilla,g2,2.3125,0.1401801872075462,8.898332040671134,2.1353181084609156,0.5425619520387517,0.75,,,
eagle,kv_buffer,4096,32,96,vanilla,g2,2.44,0.13285519791698794,8.43335772297213,2.253049160927409,0.5142108664301693,0.8,,,
eagle,kv_buffer,4096,32,96,vanilla,g2,2.5725000000000002,0.12601231600289622,7.998986528300095,2.375397117412197,0.4877257586354181,0.85,,,
eagle,kv_buffer,4096,32,96,vanilla,g2,2.7099999999999995,0.1196187021835611,7.593133890794096,2.502361977915278,0.46297952549432236,0.9,,,
eagle,kv_buffer,4096,32,96,vanilla,g2,2.8524999999999996,0.11364300891058741,7.213809936565118,2.6339437424366534,0.4398508375423711,0.95,,,
eagle,kv_buffer,4096,32,96,vanilla,g4,1.2496,0.27971457278015227,17.698285702897454,1.0701240525890616,1.0791254355101967,0.2,,,
eagle,kv_buffer,4096,32,96,vanilla,g4,1.33203125,0.26240475225042825,16.603047274109116,1.1407159726514673,1.0123449763010752,0.25,,,
eagle,kv_buffer,4096,32,96,vanilla,g4,1.4251,0.245267932177446,15.51875504479732,1.220417563496056,0.9462319445747961,0.3,,,
eagle,kv_buffer,4096,32,96,vanilla,g4,1.53038125,0.22839493763144203,14.451155758959187,1.310577613041224,0.881136739105724,0.35,,,
eagle,kv_buffer,4096,32,96,vanilla,g4,1.6496,0.21188853670349073,13.406751827316114,1.412673365197596,0.8174558342710608,0.4,,,
eagle,kv_buffer,4096,32,96,vanilla,g4,1.78463125,0.19585633174700842,12.392351537238106,1.5283105198680238,0.7556043548007702,0.45,,,
eagle,kv_buffer,4096,32,96,vanilla,g4,1.9375,0.18040326717216945,11.414595000950019,1.6592232329475884,0.6959871712069894,0.5,,,
eagle,kv_buffer,4096,32,96,vanilla,g4,2.11038125,0.16562473256719765,10.47951777165413,1.8072741163235992,0.6389722919560348,0.55,,,
eagle,kv_buffer,4096,32,96,vanilla,g4,2.3056,0.1516010279953497,9.592200648135261,1.9744542378755927,0.5848695108490378,0.6,,,
eagle,kv_buffer,4096,32,96,vanilla,g4,2.52563125,0.13839365115001578,8.756534753179293,2.1628831214753337,0.5339160830440081,0.65,,,
eagle,kv_buffer,4096,32,96,vanilla,g4,2.7731,0.12604353616749425,7.975110098568628,2.3748087469868167,0.48626993047980305,0.7,,,
eagle,kv_buffer,4096,32,96,vanilla,g4,3.05078125,0.11457108901075037,7.249217823906798,2.6126075502662633,0.44200977838497657,0.75,,,
eagle,kv_buffer,4096,32,96,vanilla,g4,3.3616,0.1039776684156587,6.578943900029944,2.8787844231621236,0.40114086869750765,0.8,,,
eagle,kv_buffer,4096,32,96,vanilla,g4,3.7086312500000003,0.09424806797550397,5.963326177101231,3.1759727135150744,0.3636045358280206,0.85,,,
eagle,kv_buffer,4096,32,96,vanilla,g4,4.0951,0.08535355184148818,5.400546461463861,3.5069342251580236,0.3292899182470615,0.9,,,
eagle,kv_buffer,4096,32,96,vanilla,g4,4.52438125,0.077255056732029,4.888133115294088,3.874559217916105,0.2980463116837339,0.95,,,
eagle,kv_buffer,4096,32,96,vanilla,g6,1.249984,0.29973469836150984,20.444184429482622,0.9986474499882348,1.2465523382586363,0.2,,,
eagle,kv_buffer,4096,32,96,vanilla,g6,1.333251953125,0.2810148346818785,19.167347454473585,1.0651725647529209,1.1686991902270971,0.25,,,
eagle,kv_buffer,4096,32,96,vanilla,g6,1.4282590000000002,0.26232187383150635,17.892345456883103,1.141076372395764,1.0909579270887726,0.3,,,
eagle,kv_buffer,4096,32,96,vanilla,g6,1.5374717031249998,0.24368811239594731,16.621381309301885,1.2283294792212136,1.013462865572623,0.35,,,
eagle,kv_buffer,4096,32,96,vanilla,g6,1.663936,0.2251670600291799,15.358104776807766,1.329365370551642,0.9364365444259174,0.4,,,
eagle,kv_buffer,4096,32,96,vanilla,g6,1.8113878281249998,0.20683785734860244,14.107913850980632,1.4471687921579461,0.8602080977869736,0.45,,,
eagle,kv_buffer,4096,32,96,vanilla,g6,1.984375,0.1888068420518871,12.878061570974442,1.5853731196322542,0.785219768433831,0.5,,,
eagle,kv_buffer,4096,32,96,vanilla,g6,2.188390328125,0.17120509644992035,11.677488746624874,1.7483667157027194,0.7120167083359916,0.55,,,
eagle,kv_buffer,4096,32,96,vanilla,g6,2.430016,0.1541815268692525,10.516351921099451,1.941408275490415,0.6412181969114126,0.6,,,
eagle,kv_buffer,4096,32,96,vanilla,g6,2.7170792031250004,0.1378920337566166,9.405284689717874,2.1707511597083218,0.5734726010908262,0.65,,,
eagle,kv_buffer,4096,32,96,vanilla,g6,3.0588189999999997,0.12248635084217586,8.354500030862372,2.443776715802412,0.509402641341604,0.7,,,
eagle,kv_buffer,4096,32,96,vanilla,g6,3.466064453125,0.10809480962159178,7.372887543064046,2.769136587034832,0.449550347103626,0.75,,,
eagle,kv_buffer,4096,32,96,vanilla,g6,3.9514240000000003,0.094817356273767,6.4672643153208575,3.1569040095091707,0.39433137977242716,0.8,,,
eagle,kv_buffer,4096,32,96,vanilla,g6,4.529486078124999,0.08271657550867385,5.641899100500376,3.6187340971378363,0.34400601991272595,0.85,,,
eagle,kv_buffer,4096,32,96,vanilla,g6,5.2170309999999995,0.07181547841995065,4.898361430074387,4.168033114551522,0.298669967264117,0.9,,,
eagle,kv_buffer,4096,32,96,vanilla,g6,6.033254078125,0.062099751203110364,4.235674993791128,4.820136737950766,0.25826369282795525,0.95,,,
eagle,kv_buffer,4096,32,96,vanilla,g8,1.24999936,0.3198386028297378,20.117609947072488,0.9358760623121496,1.2266399672825221,0.2,,,
eagle,kv_buffer,4096,32,96,vanilla,g8,1.3333282470703125,0.299849680466106,18.860321615344976,0.9982645028216054,1.1499787673610395,0.25,,,
eagle,kv_buffer,4096,32,96,vanilla,g8,1.42854331,0.2798641427542483,17.603246175693645,1.0695521378548263,1.0733305482026816,0.3,,,
eagle,kv_buffer,4096,32,96,vanilla,g8,1.5383402836328124,0.25988921508077373,16.34683809955574,1.1517572674136665,0.9967230204962622,0.35,,,
eagle,kv_buffer,4096,32,96,vanilla,g8,1.66622976,0.23994172858877905,15.092156053298579,1.2475082760811318,0.9202207347764412,0.4,,,
eagle,kv_buffer,4096,32,96,vanilla,g8,1.8168060351953124,0.22005543855290358,13.841323218560785,1.3602449190082286,0.8439531487403601,0.45,,,
eagle,kv_buffer,4096,32,96,vanilla,g8,1.99609375,0.20029021624884424,12.598105453999963,1.4944778521773743,0.7681498797606943,0.5,,,
eagle,kv_buffer,4096,32,96,vanilla,g8,2.2119880742578126,0.1807415028558011,11.3685059387166,1.6561181989867872,0.6931769623432714,0.55,,,
eagle,kv_buffer,4096,32,96,vanilla,g8,2.4748057599999997,0.161547243546284,10.161201321339353,1.852890124404725,0.6195634416389808,0.6,,,
eagle,kv_buffer,4096,32,96,vanilla,g8,2.7979659633203124,0.14288881783466406,8.987600238256151,2.0948405671468775,0.5480049415018708,0.65,,,
eagle,kv_buffer,4096,32,96,vanilla,g8,3.1988213099999996,0.12498292655192625,7.861333010367573,2.3949614595346604,0.4793325495426231,0.7,,,
eagle,kv_buffer,4096,32,96,vanilla,g8,3.6996612548828125,0.1080634202152462,6.79710866106491,2.7699409438966054,0.41444312557803104,0.75,,,
eagle,kv_buffer,4096,32,96,vanilla,g8,4.32891136,0.09235533269049576,5.80908165293785,3.241061273579478,0.35419971594280303,0.8,,,
eagle,kv_buffer,4096,32,96,vanilla,g8,5.1225536914453125,0.07804662926386324,4.909074862517467,3.8352622658402047,0.2993232021392357,0.85,,,
eagle,kv_buffer,4096,32,96,vanilla,g8,6.12579511,0.06526467857010425,4.105099682083595,4.586390353094118,0.25030206634736324,0.9,,,
eagle,kv_buffer,4096,32,96,vanilla,g8,7.395011805507812,0.05406320630113078,3.4005354176501426,5.536654458199491,0.2073423564938153,0.95,,,
eagle,kv_buffer,4096,32,96,vanilla,g10,1.2499999743999999,0.3623480654549013,21.709097603085933,0.826082214116222,1.3236784510506674,0.2,,,
eagle,kv_buffer,4096,32,96,vanilla,g10,1.3333330154418945,0.3397013853980087,20.352283438440885,0.8811541696864366,1.2409488183106283,0.25,,,
eagle,kv_buffer,4096,32,96,vanilla,g10,1.4285688979,0.3170551124333813,18.995493663620323,0.9440923058908528,1.158220672702191,0.3,,,
eagle,kv_buffer,4096,32,96,vanilla,g10,1.5384466847450193,0.2944106396625536,17.638811742509017,1.0167067757292962,1.0754991033058758,0.35,,,
eagle,kv_buffer,4096,32,96,vanilla,g10,1.6665967616,0.2717724424879358,16.28250580665506,1.1013967768457689,0.9928004590256644,0.4,,,
eagle,kv_buffer,4096,32,96,vanilla,g10,1.8179032221270506,0.24915246699027035,14.92729157295481,1.2013900396314505,0.9101683795857909,0.45,,,
eagle,kv_buffer,4096,32,96,vanilla,g10,1.9990234375,0.22657817014339837,13.574814051225708,1.3210861929120221,0.827703166900546,0.5,,,
eagle,kv_buffer,4096,32,96,vanilla,g10,2.2191263924629885,0.20410512626989558,12.22840282566605,1.4665447049864913,0.7456078371862102,0.55,,,
eagle,kv_buffer,4096,32,96,vanilla,g10,2.4909300736,0.1818337163868734,10.89407195156059,1.6461704580401084,0.6642490881070254,0.6,,,
eagle,kv_buffer,4096,32,96,vanilla,g10,2.832140619502832,0.15992675978851167,9.581576303534028,1.8716648332496064,0.5842217079664718,0.65,,,
eagle,kv_buffer,4096,32,96,vanilla,g10,3.2674224418999995,0.13862152219262328,8.305131010952097,2.1593276964292585,0.5063924421615407,0.7,,,
eagle,kv_buffer,4096,32,96,vanilla,g10,3.831059455871582,0.11822710604199471,7.083255104933076,2.531816114025422,0.43189045980251894,0.75,,,
eagle,kv_buffer,4096,32,96,vanilla,g10,4.570503270400001,0.09909960583025164,5.937283017353491,3.0204892308495923,0.3620165946806901,0.8,,,
eagle,kv_buffer,4096,32,96,vanilla,g10,5.551045042069238,0.0815945590622838,4.888515809626544,3.668495738339939,0.29806964587525464,0.85,,,
eagle,kv_buffer,4096,32,96,vanilla,g10,6.861894039100001,0.0660072962306953,3.954647403978814,4.534790989553027,0.2411284727655429,0.9,,,
eagle,kv_buffer,4096,32,96,vanilla,g10,8.623998154470799,0.05252031185879931,3.1466114628093522,5.699305308705333,0.19185973840560244,0.95,,,
eagle,kv_buffer,4096,32,96,vanilla,g12,1.2499999989759998,0.36005890200632373,24.70786850277131,0.8313342359369229,1.5065238411320636,0.2,,,
eagle,kv_buffer,4096,32,96,vanilla,g12,1.3333333134651184,0.33755522538436805,23.163627047537396,0.8867565058454471,1.4123661209501945,0.25,,,
eagle,kv_buffer,4096,32,96,vanilla,g12,1.428571200811,0.31505158922684245,21.619388369043104,0.9500961189444832,1.3182085700757034,0.3,,,
eagle,kv_buffer,4096,32,96,vanilla,g12,1.5384597188812648,0.29254820364519407,20.075166885501606,1.0231793887709004,1.2240520676367068,0.35,,,
eagle,kv_buffer,4096,32,96,vanilla,g12,1.666655481856,0.2700459885314744,18.531025721506456,1.1084382101711063,1.1299004625570868,0.4,,,
eagle,kv_buffer,4096,32,96,vanilla,g12,1.8181254024807276,0.24754817600870913,16.98718667096488,1.209175914837618,1.0357672783752665,0.45,,,
eagle,kv_buffer,4096,32,96,vanilla,g12,1.999755859375,0.22506428723747782,15.444303092486482,1.329972408620634,0.9416923526159622,0.5,,,
eagle,kv_buffer,4096,32,96,vanilla,g12,2.221285733720054,0.20261851967394237,13.904035457626387,1.477304703802007,0.8477769299488648,0.55,,,
eagle,kv_buffer,4096,32,96,vanilla,g12,2.4967348264959996,0.18026488931179468,12.370090437881252,1.6604969128180056,0.7542470189015951,0.6,,,
eagle,kv_buffer,4096,32,96,vanilla,g12,2.8465794117399468,0.15811033596427956,10.849806429354166,1.8931671377849664,0.6615500667593661,0.65,,,
eagle,kv_buffer,4096,32,96,vanilla,g12,3.301036996531,0.1363431029740589,9.356101017837604,2.195412057246973,0.5704737032185256,0.7,,,
eagle,kv_buffer,4096,32,96,vanilla,g12,3.904970943927765,0.11525658797514726,7.909107659607361,2.597068830948378,0.4822455344515961,0.75,,,
eagle,kv_buffer,4096,32,96,vanilla,g12,4.725122093056001,0.09525121642901643,6.53630424673076,3.1425246145258643,0.39854098217691925,0.8,,,
eagle,kv_buffer,4096,32,96,vanilla,g12,5.860630042895024,0.07679611643202745,5.2698831656513905,3.8977139222482964,0.3213229270725578,0.85,,,
eagle,kv_buffer,4096,32,96,vanilla,g12,7.458134171671001,0.06034667877775185,4.141094125187011,4.960161822560299,0.25249677151496946,0.9,,,
eagle,kv_buffer,4096,32,96,vanilla,g12,9.733158334409895,0.046241272532066696,3.173156599536174,6.473206203054646,0.19347828681825008,0.95,,,
eagle,kv_buffer,4096,32,96,eagle,tree_d5_n31,4.0,0.2164023390243539,12.773452653280996,1.3832072866736809,0.7788414024293931,,5.0,31.0,1 2 4 8 16
eagle,kv_buffer,4096,32,96,eagle,tree_d5_n31,5.0,0.17312187121948314,10.218762122624797,1.7290091083421009,0.6230731219435146,,5.0,31.0,1 2 4 8 16
eagle,kv_buffer,4096,32,96,eagle,tree_d5_n31,6.0,0.14426822601623593,8.51563510218733,2.0748109300105213,0.5192276016195954,,5.0,31.0,1 2 4 8 16
eagle,kv_buffer,4096,32,96,eagle,tree_d5_n31,7.0,0.12365847944248795,7.299115801874855,2.4206127516789415,0.4450522299596532,,5.0,31.0,1 2 4 8 16
eagle,kv_buffer,4096,32,96,eagle,tree_d6_n63,4.0,0.17403706919664153,11.256581881635794,1.7199168750279716,0.6863525670956786,,6.0,63.0,1 2 4 8 16 32
eagle,kv_buffer,4096,32,96,eagle,tree_d6_n63,5.0,0.13922965535731321,9.005265505308635,2.1498960937849647,0.549082053676543,,6.0,63.0,1 2 4 8 16 32
eagle,kv_buffer,4096,32,96,eagle,tree_d6_n63,6.0,0.11602471279776101,7.5043879210905295,2.5798753125419576,0.45756837806378575,,6.0,63.0,1 2 4 8 16 32
eagle,kv_buffer,4096,32,96,eagle,tree_d6_n63,7.0,0.0994497538266523,6.432332503791883,3.0098545312989504,0.3922014669118164,,6.0,63.0,1 2 4 8 16 32
eagle,kv_buffer,4096,32,96,eagle,tree_d7_n127,4.0,0.09822634764613092,7.528494263045997,3.047342178191077,0.4590382247595588,,7.0,127.0,1 2 4 8 16 32 64
eagle,kv_buffer,4096,32,96,eagle,tree_d7_n127,5.0,0.07858107811690473,6.022795410436798,3.809177722738846,0.36723057980764706,,7.0,127.0,1 2 4 8 16 32 64
eagle,kv_buffer,4096,32,96,eagle,tree_d7_n127,6.0,0.06548423176408728,5.018996175363998,4.571013267286615,0.3060254831730392,,7.0,127.0,1 2 4 8 16 32 64
eagle,kv_buffer,4096,32,96,eagle,tree_d7_n127,7.0,0.05612934151207481,4.3019967217405695,5.332848811834385,0.26230755700546216,,7.0,127.0,1 2 4 8 16 32 64
